"Period","Industry","Unit","RBNZ_Series","Loans_By_Industry","CPI_All_Groups","CPI_Item","Fisher_Ideal_House_Prices","Real_Loans_By_Industry","Quarterly_PC","Annual_PC","Floating_First_Mortgage_Interest_Rate","Paid_Hours_Worked","Real_GDP","Real_Mortgages","House_Mortgage_Interest_Rate","Labour_Paid_Hours_Worked","Log_GDP","Log_Fisher_Ideal_House_Prices","Estimated_Real_Housing_Mortgages","Trend","Nominal_Estimate","Estimate"
2016-12-31,"Households - Housing","NZDm","BSZA.MAE2A4.H1",159793,991.198281238177,"All groups",4.70189440614432,33984.8125451704,NA,NA,5.61,61.4299602815664,59.2820575949733,10.4336690139547,1.72455071953461,4.11789766861151,4.08230669015222,1.54796549264417,NA,1,NA,1433.232050889
2017-01-31,"Households - Housing","NZDm","BSZA.MAE2A4.H1",160899,992.695687469149,"All groups",4.71748242846953,34106.9632880858,0.359427443517757,NA,5.7,61.6880561940061,59.4308132488928,10.4372568444219,1.7404661748405,4.12209033346926,4.08481283343256,1.55127527349889,NA,2,NA,1439.90315612767
2017-02-28,"Households - Housing","NZDm","BSZA.MAE2A4.H1",161607,994.067451997059,"All groups",4.72795178236025,34181.1861540017,0.217617925375024,NA,5.72,61.8997587371257,59.563895198327,10.4394306592272,1.74396880539171,4.12551628205978,4.0870496052463,1.55349208173543,NA,3,NA,1447.36391969168
2017-03-31,"Households - Housing","NZDm","BSZA.MAE2A4.H1",162708,995.594178622349,"All groups",4.73786814552784,34342.0278915071,0.470556336988004,1.05110288856793,5.78,62.0923591886715,59.7116663852108,10.4441251860424,1.75440368268429,4.12862294092926,4.08952741814487,1.55558727620791,NA,4,NA,1452.93213676749
2017-04-30,"Households - Housing","NZDm","BSZA.MAE2A4.H1",163534,997.066443024337,"All groups",4.74770266068805,34444.8698007343,0.299463705382164,0.990725881382093,5.8,62.2254554722194,59.8569273269694,10.4471153481024,1.75785791755237,4.13076416798933,4.09195717011759,1.55766085066852,NA,5,NA,1456.7267922014
2017-05-31,"Households - Housing","NZDm","BSZA.MAE2A4.H1",164571,998.56829139858,"All groups",4.75851449371051,34584.5326766408,0.405467858390662,1.18002494361031,5.81,62.3229880215768,60.0113124216208,10.45116182863,1.75958057086382,4.13233034684405,4.09453308481095,1.55993553838262,NA,6,NA,1458.85678330917
2017-06-30,"Households - Housing","NZDm","BSZA.MAE2A4.H1",165371,999.989328896497,"All groups",4.76958676447346,34671.9764554396,0.252840712396885,0.960771929295778,5.84,62.3998452557809,60.1667282462238,10.4536870447104,1.76473079684014,4.133562795497,4.09711951258725,1.56225966896161,NA,7,NA,1459.38535563771
2017-07-31,"Households - Housing","NZDm","BSZA.MAE2A4.H1",165642,1001.41395395507,"All groups",4.78163741746327,34641.271501484,-0.0885584183383914,0.570191444722679,5.84,62.4832783751255,60.3350418251168,10.4528010681657,1.76473079684014,4.13489897494755,4.09991305974015,1.56478304379913,NA,8,NA,1460.83877845864
2017-08-31,"Households - Housing","NZDm","BSZA.MAE2A4.H1",166579,1002.7985200384,"All groups",4.79428682746111,34745.3137442372,0.300341870386434,0.46489298872312,5.84,62.5932814034019,60.510966906011,10.4557999856181,1.76473079684014,4.13665794652197,4.1028246197829,1.56742496473162,NA,9,NA,1463.4549125704
2017-09-30,"Households - Housing","NZDm","BSZA.MAE2A4.H1",167378,1004.10792224458,"All groups",4.80707873333557,34819.0677301136,0.212270311960094,0.424236774800124,5.84,62.7464476372438,60.6878402927222,10.4579204389865,1.76473079684014,4.13910196505075,4.10574335333094,1.57008956767005,NA,10,NA,1468.13779918751
2017-10-31,"Households - Housing","NZDm","BSZA.MAE2A4.H1",168188,1005.43734977983,"All groups",4.8207851089748,34888.0931628515,0.198240324160559,0.712507511038973,5.84,62.9671054006072,60.8768088938982,10.4599008798599,1.76473079684014,4.14261245353251,4.10885229585077,1.5729368004775,NA,11,NA,1475.90878361156
2017-11-30,"Households - Housing","NZDm","BSZA.MAE2A4.H1",169041,1006.7085910961,"All groups",4.83421844103614,34967.596533302,0.227881099948402,0.639748976512444,5.84,63.2246830101052,61.0650641126287,10.4621770983075,1.76473079684014,4.14669477886383,4.11193992053045,1.57571946972456,NA,12,NA,1485.55006630061
2017-12-31,"Households - Housing","NZDm","BSZA.MAE2A4.H1",170131,1008.01429134028,"All groups",4.84790011366638,35093.7511110007,0.360775661485913,0.788887810024774,5.84,63.5117024564996,61.2645116463628,10.4657783625789,1.76473079684014,4.15122417957275,4.11520074620116,1.57854564493808,NA,13,NA,1496.59627004155
2018-01-31,"Households - Housing","NZDm","BSZA.MAE2A4.H1",171047,1009.31997119881,"All groups",4.86114725960212,35186.5497722034,0.264430727023535,0.855468391347114,5.84,63.7948657739745,61.467985682362,10.4684191798198,1.76473079684014,4.1556727133504,4.11851648126474,1.58127447170076,NA,14,NA,1507.57499130472
2018-02-28,"Households - Housing","NZDm","BSZA.MAE2A4.H1",171840,1010.50602526753,"All groups",4.87303259350383,35263.4620644807,0.21858435332589,0.846113432179685,5.84,64.0262455030024,61.6533730211729,10.4706026378727,1.76473079684014,4.15929308528181,4.12152794054147,1.58371645242998,NA,15,NA,1516.33305862565
2018-03-31,"Households - Housing","NZDm","BSZA.MAE2A4.H1",173048,1011.83407882082,"All groups",4.88656939088916,35412.9832521445,0.424011650899359,0.909655226464867,5.84,64.2320996529315,61.8580433441605,10.4748337904176,1.76473079684014,4.16250308033422,4.12484213636806,1.58649050122579,NA,16,NA,1523.48746700841
2018-04-30,"Households - Housing","NZDm","BSZA.MAE2A4.H1",174010,1013.14161421964,"All groups",4.90050924693897,35508.5545667918,0.269876485600617,0.915136029741515,5.85,64.3653425171285,62.0531998654735,10.4775289201464,1.76644166124377,4.1645753285785,4.1279920794664,1.58933912766317,NA,17,NA,1526.70279198993
2018-05-31,"Households - Housing","NZDm","BSZA.MAE2A4.H1",175284,1014.52369621637,"All groups",4.91627443063206,35653.8273998396,0.409120660697604,1.10699662626752,5.85,64.4499891420529,62.2493628381235,10.481611780524,1.76644166124377,4.16588956091432,4.13114829976028,1.59255101411478,NA,18,NA,1527.41280597986
2018-06-30,"Households - Housing","NZDm","BSZA.MAE2A4.H1",176361,1015.89871620093,"All groups",4.93331969186728,35748.9502029913,0.266795488980698,0.948711235240096,5.85,64.5029315673116,62.4314929272143,10.4842761827397,1.76644166124377,4.16671067342487,4.13406984240641,1.5960121269361,NA,19,NA,1526.29236291514
2018-07-31,"Households - Housing","NZDm","BSZA.MAE2A4.H1",177211,1017.36330309514,"All groups",4.9529932456851,35778.5668604295,0.0828462298053001,0.760414770276885,5.85,64.5510513303925,62.6098636260524,10.4851043020523,1.76644166124377,4.16745640423039,4.13692283160523,1.59999208992358,NA,20,NA,1524.37703877872
2018-08-31,"Households - Housing","NZDm","BSZA.MAE2A4.H1",178394,1018.86573909317,"All groups",4.97386091856681,35866.3024400375,0.245218261397362,0.595938937537133,5.85,64.6162105563035,62.7788099275383,10.4875534829726,1.76644166124377,4.16846531671311,4.13961759499868,1.60419638330286,NA,21,NA,1523.05513005381
2018-09-30,"Households - Housing","NZDm","BSZA.MAE2A4.H1",179257,1020.34680216602,"All groups",4.99408095209692,35893.891532682,0.0769220431645623,0.405442198631367,5.85,64.7180904606579,62.9344364963885,10.4883224077058,1.76644166124377,4.17004076768978,4.14209349396363,1.60825340159743,NA,22,NA,1523.68240441303
2018-10-31,"Households - Housing","NZDm","BSZA.MAE2A4.H1",180240,1021.89598706137,"All groups",5.01385285119787,35948.4024260781,0.15186676915897,0.474685211152037,5.85,64.8789477774676,63.0882586477954,10.4898399233879,1.76644166124377,4.1725231916958,4.14453467692073,1.61220465171827,NA,23,NA,1527.29518394871
2018-11-30,"Households - Housing","NZDm","BSZA.MAE2A4.H1",181567,1023.40449895497,"All groups",5.03080164143108,36091.0671779838,0.396859783126779,0.626673848864145,5.85,65.0738165285037,63.2314438078061,10.4938006671078,1.76644166124377,4.17552226444563,4.14680170603102,1.61557934346716,NA,24,NA,1533.18112115127
2018-12-31,"Households - Housing","NZDm","BSZA.MAE2A4.H1",182597,1024.96366251589,"All groups",5.04490874483252,36194.3117775983,0.286066907097404,0.836967606710304,5.85,65.2929801319188,63.3746778643571,10.4966572522516,1.76644166124377,4.17888452869536,4.14906437889026,1.61837956540264,NA,25,NA,1540.87341469317
2019-01-31,"Households - Housing","NZDm","BSZA.MAE2A4.H1",183550,1026.51380573446,"All groups",5.05494589843809,36310.9722018418,0.3223170120223,1.0085838348709,5.85,65.5071546618345,63.5139901901352,10.4998752390938,1.76644166124377,4.18215936815427,4.15126019958709,1.6203671498312,NA,26,NA,1549.20982120363
2019-02-28,"Households - Housing","NZDm","BSZA.MAE2A4.H1",184578,1027.89828284027,"All groups",5.06184493232764,36464.5702244228,0.42300718837045,1.03489055781349,5.85,65.6769078354843,63.6362706647208,10.5040963893739,1.76644166124377,4.18474738479542,4.15318360126101,1.62173102797683,NA,27,NA,1556.05643411307
2019-03-31,"Households - Housing","NZDm","BSZA.MAE2A4.H1",185860,1029.40502209301,"All groups",5.06909106823392,36665.3503553555,0.550617022762068,1.30141603645251,5.85,65.8171294834217,63.7672581073109,10.5095874560627,1.76644166124377,4.18688013094798,4.15523986281053,1.62316152504868,NA,28,NA,1561.38422128091
2019-04-30,"Households - Housing","NZDm","BSZA.MAE2A4.H1",186912,1030.82841494859,"All groups",5.07769680723077,36810.3900441303,0.395576988543977,1.37539099617712,5.85,65.8906655842107,63.8891640009439,10.5135354224628,1.76644166124377,4.1879967863197,4.15714976955359,1.62485777437721,NA,29,NA,1563.13776982717
2019-05-31,"Households - Housing","NZDm","BSZA.MAE2A4.H1",188349,1032.25411147355,"All groups",5.09035686022759,37001.1386572176,0.518192317056609,1.4714788340914,5.73,65.9162468328791,64.0096248681566,10.5187039656722,1.74571553072665,4.18838494879951,4.15903346061739,1.6273479381692,NA,30,NA,1565.16832822855
2019-06-30,"Households - Housing","NZDm","BSZA.MAE2A4.H1",189530,1033.58128383528,"All groups",5.10828471478882,37102.4738404455,0.273870445357627,1.19219775851982,5.73,65.9126858255914,64.1203994867603,10.521438926708,1.74571553072665,4.18833092412955,4.16076255802076,1.6308636756124,NA,31,NA,1561.12251384579
2019-07-31,"Households - Housing","NZDm","BSZA.MAE2A4.H1",190525,1034.89348445988,"All groups",5.13443749357762,37107.2781075467,0.0129486435914927,0.806533326760372,5.73,65.9011226248712,64.224574224159,10.5215684047612,1.74571553072665,4.18815547664214,4.16238591353309,1.6359702937731,NA,32,NA,1554.95164088298
2019-08-31,"Households - Housing","NZDm","BSZA.MAE2A4.H1",191924,1036.15762381222,"All groups",5.16870897819566,37131.9029199819,0.0663611390836705,0.353406050488503,5.26,65.9032746065912,64.2988113638079,10.5222317960594,1.66013102674962,4.18818813081401,4.16354114528434,1.64262294325451,NA,33,NA,1562.2130607319
2019-09-30,"Households - Housing","NZDm","BSZA.MAE2A4.H1",192993,1037.35067641102,"All groups",5.20962840001165,37045.4445464035,-0.232841214102897,-0.153707524428992,5.26,65.9391037174458,64.3201536452287,10.5199006689516,1.66013102674962,4.18873164515578,4.16387301363074,1.65050852884761,NA,34,NA,1555.31393488811
2019-10-31,"Households - Housing","NZDm","BSZA.MAE2A4.H1",194134,1038.56814685306,"All groups",5.25994787944406,36907.9702783136,-0.371096283964645,-0.537112500290438,5.26,66.0231776695141,64.2749496889443,10.516182803407,1.66013102674962,4.1900058571891,4.16316997040477,1.66012111784959,NA,35,NA,1548.9097258469
2019-11-30,"Households - Housing","NZDm","BSZA.MAE2A4.H1",195598,1039.74677336238,"All groups",5.31644412398115,36791.1324634649,-0.316565267522517,-0.917729579470528,5.26,66.1274536357648,64.1802103514515,10.5130121294534,1.66013102674962,4.19158399551296,4.16169491319973,1.67080468212829,NA,36,NA,1542.34119623713
2019-12-31,"Households - Housing","NZDm","BSZA.MAE2A4.H1",196926,1040.98109879645,"All groups",5.38290770888947,36583.5735349487,-0.564154769419889,-1.2467687109983,5.26,66.2265446948941,64.051591430961,10.5073546081233,1.66013102674962,4.19308135983732,4.15968887473135,1.6832286945107,NA,37,NA,1533.66200389198
2020-01-31,"Households - Housing","NZDm","BSZA.MAE2A4.H1",198210,1042.24833416728,"All groups",5.4569146410643,36322.7231938782,-0.713025863428163,-1.58569295472535,5.26,66.2839642072512,63.9140792192522,10.5001988077096,1.66013102674962,4.19394800077662,4.15753966918362,1.69688354598249,NA,38,NA,1521.71729340664
2020-02-29,"Households - Housing","NZDm","BSZA.MAE2A4.H1",199306,1043.47813900999,"All groups",5.52992056793406,36041.3856856644,-0.77454960277098,-2.03784642548034,5.26,66.2705207831147,63.7973851187647,10.492423159531,1.66013102674962,4.19374516457408,4.15571220391151,1.71017345158552,NA,39,NA,1506.90587640822
2020-03-31,"Households - Housing","NZDm","BSZA.MAE2A4.H1",200330,1044.85567685183,"All groups",5.60805379034063,35721.8399625643,-0.886607762218372,-2.35552049490509,4.5,66.1528973912218,63.7067900445793,10.4835175443739,1.50407739677627,4.19196868992257,4.15429115100379,1.72420374140181,NA,40,NA,1511.95822811265
2020-04-30,"Households - Housing","NZDm","BSZA.MAE2A4.H1",199852,1046.265798781,"All groups",5.67992220437178,35185.6931854059,-1.50089350862163,-3.13035452326416,4.5,65.9294714028728,63.6704849634027,10.4683948353692,1.50407739677627,4.18858555554222,4.15372111082736,1.73693753622584,NA,41,NA,1487.97628672441
2020-05-31,"Households - Housing","NZDm","BSZA.MAE2A4.H1",201059,1047.81848068297,"All groups",5.74626582921126,34989.5055286013,-0.557577921716357,-2.91853417134726,4.5,65.6737243807853,63.6918446277795,10.46280345347,1.50407739677627,4.18469891217453,4.1540565265605,1.74855022283736,NA,42,NA,1464.00106528949
2020-06-30,"Households - Housing","NZDm","BSZA.MAE2A4.H1",201896,1049.42883423597,"All groups",5.79892652111699,34816.0990253608,-0.495595752557088,-2.53553830976424,4.44,65.5106277716853,63.7718387116915,10.4578351744602,1.49065437644413,4.18221238553538,4.15531169340204,1.75767281785645,NA,43,NA,1449.24588472781
2020-07-31,"Households - Housing","NZDm","BSZA.MAE2A4.H1",203274,1051.22173289852,"All groups",5.84169660126526,34797.0827440734,-0.0546192187513395,-1.1044558346052,4.43,65.5158131801585,63.9182527871949,10.4572888330554,1.48839958405704,4.1822915361013,4.15760496671639,1.76502126856442,NA,44,NA,1442.35391142572
2020-08-31,"Households - Housing","NZDm","BSZA.MAE2A4.H1",204767,1053.1695589109,"All groups",5.89010522829837,34764.5741567093,-0.0934233125322925,-0.642853817148326,4.43,65.679109477011,64.1319583647622,10.4563541632623,1.48839958405704,4.18478090654146,4.16094281011479,1.77327386308937,NA,45,NA,1441.42135052335
2020-09-30,"Households - Housing","NZDm","BSZA.MAE2A4.H1",206290,1055.22626879971,"All groups",5.96288676626801,34595.6594659788,-0.485881662088161,-0.633154102708,4.42,65.9458064101472,64.4052142027807,10.4514835042163,1.48613969608961,4.18883328972908,4.16519459571444,1.78555472057077,NA,46,NA,1441.42769524866
2020-10-31,"Households - Housing","NZDm","BSZA.MAE2A4.H1",208138,1057.55398890866,"All groups",6.08017524009183,34232.237029546,-1.05048564485453,-1.62325594556822,4.41,66.2904135964043,64.754018046791,10.4409230822824,1.48387468945875,4.19404529543137,4.17059575343102,1.80503351794624,NA,47,NA,1437.6010270043
2020-11-30,"Households - Housing","NZDm","BSZA.MAE2A4.H1",210130,1060.02648614469,"All groups",6.2267873106538,33746.1341646398,-1.42001489556932,-2.9295339200148,4.4,66.6492791037569,65.1363324886464,10.4266211464702,1.48160454092422,4.19944423041854,4.17648249627729,1.82886051931755,NA,48,NA,1429.95567944919
2020-12-31,"Households - Housing","NZDm","BSZA.MAE2A4.H1",212211,1062.83360600798,"All groups",6.39888845296352,33163.7286006632,-1.72584379927834,-4.13904775170928,4.39,67.0030571206565,65.5528148079197,10.4092120456501,1.47932922708708,4.20473824701652,4.18285615067478,1.85612429605719,NA,49,NA,1418.60421705558
2021-01-31,"Households - Housing","NZDm","BSZA.MAE2A4.H1",213904,1065.92248883912,"All groups",6.57809757988747,32517.6082297732,-1.94827420845892,-5.0088131789134,4.38,67.3059230029626,65.965834999224,10.389537013287,1.47704872438835,4.20924824173745,4.18913695647171,1.88374558193587,NA,50,NA,1404.70218864897
2021-02-28,"Households - Housing","NZDm","BSZA.MAE2A4.H1",215605,1068.97600486936,"All groups",6.73444311302194,32015.267837529,-1.54482577160839,-5.12908032270096,4.38,67.5416904439497,66.3146892010894,10.3739681879191,1.47704872438835,4.21274504342641,4.1944114292293,1.90723512092356,NA,51,NA,1391.71608111413
2021-03-31,"Households - Housing","NZDm","BSZA.MAE2A4.H1",217939,1072.67214531735,"All groups",6.88855133006722,31637.8567215922,-1.17884728577664,-4.60102631234457,4.38,67.7773855466913,66.650637737467,10.3621096800673,1.47704872438835,4.21622859279836,4.19946461503306,1.9298608060342,NA,52,NA,1379.65125670851
2021-04-30,"Households - Housing","NZDm","BSZA.MAE2A4.H1",220043,1076.58810608337,"All groups",7.00951095016196,31392.0616665726,-0.776901726253343,-3.46134486659468,4.38,67.996460643968,66.9084983283178,10.3543103267672,1.47704872438835,4.21945565446808,4.20332598938517,1.94726793401397,NA,53,NA,1371.99674992519
2021-05-31,"Households - Housing","NZDm","BSZA.MAE2A4.H1",222479,1081.00996356962,"All groups",7.11079779758939,31287.4878927681,-0.333121713747941,-2.27322772514124,4.37,68.2309639253404,67.1143018753242,10.3509735487729,1.4747630091075,4.2228984783157,4.20639716396826,1.9616144453388,NA,54,NA,1368.28022995418
2021-06-30,"Households - Housing","NZDm","BSZA.MAE2A4.H1",224660,1085.67637904578,"All groups",7.19481952852542,31225.2446512781,-0.198939722176683,-1.30417200490209,4.37,68.4824631629066,67.2698922489999,10.3489821700721,1.4747630091075,4.22657770027112,4.20871277026724,1.97336125712349,NA,55,NA,1367.4065172936
2021-07-31,"Households - Housing","NZDm","BSZA.MAE2A4.H1",226966,1090.9117101208,"All groups",7.27651950208023,31191.5607365739,-0.107873981710671,-0.638699465260573,4.41,68.7786045790354,67.4014394198073,10.3479028479964,1.48387468945875,4.23089271661912,4.21066637406718,1.98465265751336,NA,56,NA,1367.42520182693
2021-08-31,"Households - Housing","NZDm","BSZA.MAE2A4.H1",228074,1096.53405560535,"All groups",7.3625080752316,30977.758892689,-0.685447726359634,-0.989945249489632,4.41,69.0966181273139,67.5193341196977,10.3410247708987,1.48387468945875,4.23550578785834,4.21241398826777,1.99640064578275,NA,57,NA,1369.20155411653
2021-09-30,"Households - Housing","NZDm","BSZA.MAE2A4.H1",230034,1102.3013313072,"All groups",7.4588466999101,30840.4247003458,-0.443331594189755,-1.23240011481104,4.41,69.4049856492622,67.6357144832473,10.3365815986702,1.48387468945875,4.23995870425898,4.21413616429474,2.00940080439691,NA,58,NA,1369.31652677088
2021-10-31,"Households - Housing","NZDm","BSZA.MAE2A4.H1",232007,1108.5544227722,"All groups",7.57707082188557,30619.6161358123,-0.715971218551326,-1.83365175469073,4.56,69.7033785149203,67.7710724003836,10.3293961327455,1.51732262352629,4.24424878882876,4.21613544313945,2.02512668986155,NA,59,NA,1361.39860988148
2021-11-30,"Households - Housing","NZDm","BSZA.MAE2A4.H1",232468,1114.8481702994,"All groups",7.69868811627755,30195.7939442288,-1.38415253053342,-2.52427863219215,4.64,69.9525525671821,67.917445606806,10.3154579202936,1.53471436623816,4.24781719175638,4.21829293244436,2.04104993983484,NA,60,NA,1353.66703591979
2021-12-31,"Households - Housing","NZDm","BSZA.MAE2A4.H1",234430,1121.55855755634,"All groups",7.81645177804837,29991.8692850342,-0.675341272931096,-2.75143881303952,4.78,70.1482329447751,68.0824961340005,10.3086816000785,1.56444054650336,4.250610616563,4.22072014831097,2.05623071476506,NA,61,NA,1342.72314616595
2022-01-31,"Households - Housing","NZDm","BSZA.MAE2A4.H1",235798,1128.43486966513,"All groups",7.91057192571956,29807.9585413227,-0.61320200472893,-2.65077651819507,4.78,70.2685866317417,68.259440529395,10.302530701983,1.56444054650336,4.25232485160695,4.22331574727437,2.06820008330222,NA,62,NA,1336.19603783248
2022-02-28,"Households - Housing","NZDm","BSZA.MAE2A4.H1",236911,1134.75108714681,"All groups",7.96213919358577,29754.6920795925,-0.178698791654341,-1.46080565210835,4.83,70.3307011167561,68.4276928671686,10.3007421154989,1.57484646766448,4.25320841922738,4.22577760917126,2.07469770666417,NA,63,NA,1331.03391308074
2022-03-31,"Households - Housing","NZDm","BSZA.MAE2A4.H1",238102,1141.81943190625,"All groups",7.96767536817956,29883.4966282519,0.43288819227183,-0.361340121058606,4.99,70.3762774947525,68.6213238398224,10.3050616547647,1.60743590976343,4.25385623897364,4.22860332957622,2.07539277750699,NA,64,NA,1327.47452217422
2022-04-30,"Households - Housing","NZDm","BSZA.MAE2A4.H1",239154,1148.69437924933,"All groups",7.9127254334096,30223.9730182257,1.13934588782978,1.39564900536964,5.36,70.4252685001793,68.8136359642521,10.3163906970141,1.67896397508271,4.25455212632427,4.23140192245566,2.0684722778587,NA,65,NA,1325.57099683617
2022-05-31,"Households - Housing","NZDm","BSZA.MAE2A4.H1",240131,1155.79065949799,"All groups",7.8084511574611,30752.7056464394,1.74938161801186,3.35413844706305,5.46,70.5109457442816,69.012865989752,10.333733257866,1.69744878975681,4.25576795655096,4.23429295083467,2.05520662887864,NA,66,NA,1338.7089202143
2022-06-30,"Households - Housing","NZDm","BSZA.MAE2A4.H1",240977,1162.60871367492,"All groups",7.68173988959346,31370.1067028388,2.00763166499107,4.97468583773897,5.85,70.6565036600178,69.2012803384762,10.3536107026083,1.76644166124377,4.25783015952955,4.23701936445357,2.03884606962558,NA,67,NA,1349.89840269456
2022-07-31,"Households - Housing","NZDm","BSZA.MAE2A4.H1",241756,1169.56408610784,"All groups",7.54520511059842,32041.0110071648,2.13867396334126,6.01190977719372,6.23,70.8924393711801,69.3863418573637,10.3747719552152,1.82937633279936,4.26116378992774,4.23969004493645,2.02091227682028,NA,68,NA,1367.18787759651
2022-08-31,"Households - Housing","NZDm","BSZA.MAE2A4.H1",242539,1176.40667837864,"All groups",7.42438488865204,32667.8915004412,1.95649411042689,6.22769871379933,6.71,71.1998900626278,69.5564304598291,10.3941479631931,1.90359895098359,4.26549127435252,4.24213837218072,2.00476983797788,NA,69,NA,1384.1133452819
2022-09-30,"Households - Housing","NZDm","BSZA.MAE2A4.H1",243458,1182.9050022741,"All groups",7.34280595944651,33155.9898688037,1.49412265666409,5.69294578077832,6.78,71.5424903775261,69.7018424679446,10.4089786691499,1.9139771019523,4.27029154420522,4.24422675167742,1.99372105287812,NA,70,NA,1407.30616697833
2022-10-31,"Households - Housing","NZDm","BSZA.MAE2A4.H1",244335,1189.47558293568,"All groups",7.30686254465111,33439.1126843986,0.853911515581962,4.36347553740177,7.2,71.9192884579538,69.8289582281776,10.4174815322891,1.97408102602201,4.2755444965932,4.24604879806096,1.98881398117068,NA,71,NA,1418.38480093132
2022-11-30,"Households - Housing","NZDm","BSZA.MAE2A4.H1",245508,1195.67852970609,"All groups",7.29581263718517,33650.5352054546,0.632261157918146,3.0079801905798,7.49,72.2832006165915,69.9330537998012,10.4237842400119,2.01356879752913,4.28059174554875,4.24753841014312,1.98730057223192,NA,72,NA,1428.71835180574
2022-12-31,"Households - Housing","NZDm","BSZA.MAE2A4.H1",246546,1201.91067591845,"All groups",7.27609078269277,33884.4040520282,0.694992947796425,2.19693088973303,7.89,72.6346957851006,70.0263907741881,10.4307101300473,2.06559613485778,4.28544271104734,4.24887218205838,1.98459373758364,NA,73,NA,1437.79522950325
2023-01-31,"Households - Housing","NZDm","BSZA.MAE2A4.H1",247233,1207.94537560748,"All groups",7.22256964759898,34230.6148729474,1.02174091770233,2.36699518919363,7.89,72.9427749185913,70.1106751763193,10.440875694347,2.06559613485778,4.28967522850925,4.25007506741526,1.97721079645457,NA,74,NA,1458.04046194208
2023-02-28,"Households - Housing","NZDm","BSZA.MAE2A4.H1",247709,1213.21209347591,"All groups",7.15020130573256,34643.6400051287,1.2065957147259,2.95123032549318,7.91,73.1870028282181,70.183570336677,10.4528694381352,2.06812778177956,4.2930178482106,4.25111424285187,1.96714051095749,NA,75,NA,1478.23326077994
2023-03-31,"Households - Housing","NZDm","BSZA.MAE2A4.H1",248520,1218.82361396295,"All groups",7.05666110458654,35217.7887412607,1.65729910611874,3.93509854027563,7.92,73.428784498302,70.2657321453117,10.4693065959015,2.06939120582633,4.29631601812349,4.25228422827088,1.95397200827616,NA,76,NA,1502.04753037019
2023-04-30,"Households - Housing","NZDm","BSZA.MAE2A4.H1",249202,1224.0188781041,"All groups",6.96575638542406,35775.2964949303,1.5830288430815,4.51257340166487,8.26,73.6431121535545,70.3501129799405,10.4850128921592,2.11142458753289,4.29923061719858,4.25348438952841,1.94100619938626,NA,77,NA,1518.08991852871
2023-05-31,"Households - Housing","NZDm","BSZA.MAE2A4.H1",250128,1229.12754039049,"All groups",6.88535944199447,36327.5152310053,1.54357556799893,4.86056091573315,8.41,73.8538606067424,70.4392756543963,10.5003307284641,2.12942147398486,4.30208828393794,4.25475100041778,1.92939733735305,NA,78,NA,1536.65528933214
2023-06-30,"Households - Housing","NZDm","BSZA.MAE2A4.H1",251341,1233.80402747939,"All groups",6.83399378706575,36778.0550921332,1.24021656384412,4.43033593714679,8.53,74.056609412638,70.5228778620678,10.512656617264,2.14358936150359,4.30482979280956,4.25593716585848,1.92190924457149,NA,79,NA,1551.20979942473
2023-07-31,"Households - Housing","NZDm","BSZA.MAE2A4.H1",252094,1238.34986235242,"All groups",6.81793228983044,36975.1398640349,0.535876003796232,3.35383207592583,8.59,74.2712490360656,70.6016980921271,10.5180010702368,2.15059873599616,4.30772391904438,4.25705419650636,1.9195562425767,NA,80,NA,1561.9547348602
2023-08-31,"Households - Housing","NZDm","BSZA.MAE2A4.H1",252958,1242.61965698483,"All groups",6.83254759721431,37022.5009633498,0.128089033575196,1.91311111680816,8.62,74.4848393175874,70.6679519292219,10.5192811409323,2.1540850846756,4.31059560558398,4.25799217351618,1.92169760509137,NA,81,NA,1568.32929188933
2023-09-30,"Households - Housing","NZDm","BSZA.MAE2A4.H1",253867,1246.5092032174,"All groups",6.86544741254716,36977.4881001983,-0.121582448457669,0.542260887818857,8.62,74.6816629393987,70.7154633516883,10.5180645767335,2.1540850846756,4.31323458595906,4.25866426683293,1.92650121008202,NA,82,NA,1571.61496477502
2023-10-31,"Households - Housing","NZDm","BSZA.MAE2A4.H1",254870,1250.29879525223,"All groups",6.90802420786339,36894.7751673889,-0.22368456338957,-0.217347917929345,8.63,74.8656680210062,70.7437896384748,10.5158252256235,2.15524450509534,4.31569541455804,4.25906475370906,1.93268366460131,NA,83,NA,1572.59964846793
2023-11-30,"Households - Housing","NZDm","BSZA.MAE2A4.H1",255888,1253.76403646343,"All groups",6.94719227205677,36833.2975365086,-0.166629639566773,-0.511049826235543,8.63,75.0162022244254,70.7520627724729,10.5141575394119,2.15524450509534,4.31770411986427,4.25918169189299,1.93833758831879,NA,84,NA,1572.89231435385
2023-12-31,"Households - Housing","NZDm","BSZA.MAE2A4.H1",256276,1257.15693405168,"All groups",6.97476196041905,36743.3328125513,-0.244248356715981,-0.633237409237986,8.63,75.134127707937,70.742958486708,10.5117120681157,2.15524450509534,4.31927488574685,4.2590530048806,1.94229819958658,NA,85,NA,1573.63166249634
2024-01-31,"Households - Housing","NZDm","BSZA.MAE2A4.H1",256954,1260.38023567777,"All groups",6.98110322285394,36807.0764458565,0.173483536810193,-0.237699568935135,8.63,75.2064456157887,70.7180706270333,10.5134454003951,2.15524450509534,4.32023694025856,4.25870113609967,1.94320695913506,NA,86,NA,1575.76738065283
2024-02-29,"Households - Housing","NZDm","BSZA.MAE2A4.H1",257646,1263.26115094679,"All groups",6.97062064689594,36961.7015544708,0.420096143310289,0.348608532361161,8.63,75.2331011818294,70.6824327809231,10.5176375624251,2.15524450509534,4.32059130939736,4.25819706651002,1.94170426627382,NA,87,NA,1578.59635193777
2024-03-31,"Households - Housing","NZDm","BSZA.MAE2A4.H1",258693,1266.21747006131,"All groups",6.94763780857134,37234.6698443101,0.738516568121295,1.33721411246326,8.63,75.2199797780958,70.6331960408351,10.5249955912949,2.15524450509534,4.32041688420535,4.25750023286903,1.93840171814436,NA,88,NA,1581.69985318769
2024-04-30,"Households - Housing","NZDm","BSZA.MAE2A4.H1",259383,1268.97700484211,"All groups",6.91942299791258,37486.2181540642,0.675575507466353,1.84513896181562,8.63,75.1684868119985,70.5768141974101,10.5317286285164,2.15524450509534,4.31973208477522,4.256701679759,1.93433238434858,NA,89,NA,1583.9871485518
2024-05-31,"Households - Housing","NZDm","BSZA.MAE2A4.H1",260475,1271.74471539449,"All groups",6.89002529080015,37804.6507823124,0.849465867534116,2.28060179155802,8.63,75.0774596501638,70.5128117113385,10.5401874106084,2.15524450509534,4.31852037590566,4.25579441970994,1.93007475567197,NA,90,NA,1584.7544703124
2024-06-30,"Households - Housing","NZDm","BSZA.MAE2A4.H1",261302,1274.36213293014,"All groups",6.86701770644945,38051.7440277731,0.653605417184044,2.19439083757,8.64,74.9549441300733,70.4486898208352,10.5467021973977,2.15640258281596,4.31688718808442,4.25488464088056,1.92672990811919,NA,91,NA,1582.91929928416
2024-07-31,"Households - Housing","NZDm","BSZA.MAE2A4.H1",261761,1277.02266041478,"All groups",6.85332566294516,38194.7411919005,0.375796610066015,1.89008940545636,8.62,74.7980392394297,70.3836964709114,10.5504531199845,2.1540850846756,4.31479167126025,4.25396165212422,1.92473403269816,NA,92,NA,1578.66475137265
2024-08-31,"Households - Housing","NZDm","BSZA.MAE2A4.H1",262656,1279.64928313055,"All groups",6.84857872390554,38351.8990711426,0.411464705186892,1.44756869196172,8.38,74.6275726328187,70.3235702984915,10.5545593250255,2.12584791449399,4.31251004526017,4.25310702425091,1.92404114518479,NA,93,NA,1576.79389711314
2024-09-30,"Households - Housing","NZDm","BSZA.MAE2A4.H1",263798,1282.16743834695,"All groups",6.84992854179566,38511.058676073,0.414997976072007,1.20707909725424,8.38,74.4688234833796,70.2734269822969,10.5587007173704,2.12584791449399,4.31038056106653,4.25239373279674,1.92423822036507,NA,94,NA,1569.62386378701
2024-10-31,"Households - Housing","NZDm","BSZA.MAE2A4.H1",264972,1284.75383200401,"All groups",6.85480602674804,38654.9231248932,0.373566590392249,1.20483060922092,7.89,74.3309773119533,70.232610539854,10.5624294230032,2.06559613485778,4.30852778693481,4.25181274077233,1.92495001600532,NA,95,NA,1573.05712251094
2024-11-30,"Households - Housing","NZDm","BSZA.MAE2A4.H1",266284,1287.2500512455,"All groups",6.86035117195153,38814.9226367156,0.413917552766718,1.20730283711399,7.73,74.2418505675709,70.2032116063089,10.5665600557093,2.04510886259933,4.30732801499339,4.25139405936291,1.92575863167415,NA,96,NA,1571.73877347396
2024-12-31,"Households - Housing","NZDm","BSZA.MAE2A4.H1",267565,1289.83133961313,"All groups",6.86427457602623,38979.3556531789,0.423633503027387,1.21600650100233,7.39,74.2152702647437,70.1819119377688,10.5707874427345,2.00012773496011,4.30696992771591,4.25109061312636,1.92633036372041,NA,97,NA,1577.61214803687
2025-01-31,"Households - Housing","NZDm","BSZA.MAE2A4.H1",268568,1292.42349398256,"All groups",6.86330437361177,39131.0053263262,0.389051257020845,1.23162113114237,7.38,74.2605518161679,70.1684597560635,10.5746704068327,1.99877363861238,4.30757987958812,4.25089891884605,1.92618901287921,NA,98,NA,1579.99931828925
2025-02-28,"Households - Housing","NZDm","BSZA.MAE2A4.H1",269351,1294.78167964258,"All groups",6.85448387388877,39295.5917550636,0.420603629691718,1.23836165499225,6.92,74.3188778487475,70.1618936371888,10.5788676224836,1.93441576962958,4.30836499547808,4.2508053379675,1.92490301825975,NA,99,NA,1595.09807483917
2025-03-31,"Households - Housing","NZDm","BSZA.MAE2A4.H1",270610,1297.41957590413,"All groups",6.83144686096794,39612.3991750786,0.806216183203823,1.62404819497857,6.91,74.339550633036,70.1595213360359,10.5868974587155,1.93296963777958,4.30864312009749,4.25077152557822,1.92153649023551,NA,100,NA,1600.05844579705
